{"cameraMode":{"drawMode":0,"name":"Shaded","section":"Shading Mode"},"sceneLighting":true,"audioPlay":false,"sceneViewState":{"showFog":true,"showMaterialUpdate":false,"showSkybox":true,"showFlares":true,"showImageEffects":true,"showParticleSystems":true},"in2DMode":false,"pivot":{"x":181.26333618164063,"y":-28.162017822265626,"z":-0.19888076186180116},"rotation":{"x":-0.4566572308540344,"y":0.5393502116203308,"z":-0.45365285873413088,"w":-0.5429232120513916},"size":103.44718933105469,"orthographic":false}