{"cameraMode":{"drawMode":0,"name":"Shaded","section":"Shading Mode"},"sceneLighting":false,"audioPlay":false,"sceneViewState":{"showFog":true,"showMaterialUpdate":false,"showSkybox":false,"showFlares":true,"showImageEffects":true,"showParticleSystems":true},"in2DMode":false,"pivot":{"x":-0.0000057220458984375,"y":0.0,"z":0.0000057220458984375},"rotation":{"x":-0.16497240960597993,"y":0.6362932324409485,"z":-0.14182645082473756,"w":-0.7401360273361206},"size":74.67044067382813,"orthographic":false}